Path,URL,Size in bytes (optional but recommended),MD5 Hash (optional but recommended),Filter Terms (optional),Overwrite (optional),Comments (optional)
docs/SuperVision/Manuals/!!System Manual (Watara Supervision).pdf,https://archive.org/download/mister-manuals/1992_Watara%20SuperVision.zip/1992_Watara%20SuperVision%2F%21%21System%20Manual%20%28Watara%20Supervision%29.pdf,941720,4170a954da051a76f1c4ff047644e16e,,,!!System Manual (Watara Supervision).pdf
docs/SuperVision/Manuals/Alien.pdf,https://archive.org/download/mister-manuals/1992_Watara%20SuperVision.zip/1992_Watara%20SuperVision%2FAlien.pdf,601507,cca5e4102ea041ca17037525ad0067d0,,,Alien.pdf
docs/SuperVision/Manuals/Balloon Fight.pdf,https://archive.org/download/mister-manuals/1992_Watara%20SuperVision.zip/1992_Watara%20SuperVision%2FBalloon%20Fight.pdf,624343,ab51a70de2c5b609fe290d97384947af,,,Balloon Fight.pdf
docs/SuperVision/Manuals/Block Buster.pdf,https://archive.org/download/mister-manuals/1992_Watara%20SuperVision.zip/1992_Watara%20SuperVision%2FBlock%20Buster.pdf,632871,66f2e814d3b2bb5ec6355c5bfd6254c8,,,Block Buster.pdf
docs/SuperVision/Manuals/Brain Power.pdf,https://archive.org/download/mister-manuals/1992_Watara%20SuperVision.zip/1992_Watara%20SuperVision%2FBrain%20Power.pdf,619835,c2e72d491fc143a1356a67497dc4bcfe,,,Brain Power.pdf
docs/SuperVision/Manuals/Bubble World.pdf,https://archive.org/download/mister-manuals/1992_Watara%20SuperVision.zip/1992_Watara%20SuperVision%2FBubble%20World.pdf,959218,caa2d4a3de54a3a45cd35906ab782d10,,,Bubble World.pdf
docs/SuperVision/Manuals/Carrier.pdf,https://archive.org/download/mister-manuals/1992_Watara%20SuperVision.zip/1992_Watara%20SuperVision%2FCarrier.pdf,292495,1e88970991881090aec2774eb3848b8f,,,Carrier.pdf
docs/SuperVision/Manuals/Challenger Tank.pdf,https://archive.org/download/mister-manuals/1992_Watara%20SuperVision.zip/1992_Watara%20SuperVision%2FChallenger%20Tank.pdf,348847,dacfcdc583625e092cdd973a1551a08a,,,Challenger Tank.pdf
docs/SuperVision/Manuals/Chimera.pdf,https://archive.org/download/mister-manuals/1992_Watara%20SuperVision.zip/1992_Watara%20SuperVision%2FChimera.pdf,858781,e32275ff2a1ec0ceb219f5029c0c5d9d,,,Chimera.pdf
docs/SuperVision/Manuals/Chinese Checkers.pdf,https://archive.org/download/mister-manuals/1992_Watara%20SuperVision.zip/1992_Watara%20SuperVision%2FChinese%20Checkers.pdf,655267,8ce47e6468fa3b622ee3b8084542370b,,,Chinese Checkers.pdf
docs/SuperVision/Manuals/Classic Casino.pdf,https://archive.org/download/mister-manuals/1992_Watara%20SuperVision.zip/1992_Watara%20SuperVision%2FClassic%20Casino.pdf,1625497,852790935357803c3231781c021be5b5,,,Classic Casino.pdf
docs/SuperVision/Manuals/Climber.pdf,https://archive.org/download/mister-manuals/1992_Watara%20SuperVision.zip/1992_Watara%20SuperVision%2FClimber.pdf,369004,a96b0a5b0a85a0c2256628835382aedc,,,Climber.pdf
docs/SuperVision/Manuals/Cross High.pdf,https://archive.org/download/mister-manuals/1992_Watara%20SuperVision.zip/1992_Watara%20SuperVision%2FCross%20High.pdf,655531,a1b00e8319858bbd8c2415b71a5fde8b,,,Cross High.pdf
docs/SuperVision/Manuals/Crystball.pdf,https://archive.org/download/mister-manuals/1992_Watara%20SuperVision.zip/1992_Watara%20SuperVision%2FCrystball.pdf,676493,82b6bf29077f4740357bb0325ca66a57,,,Crystball.pdf
docs/SuperVision/Manuals/Dancing Block.pdf,https://archive.org/download/mister-manuals/1992_Watara%20SuperVision.zip/1992_Watara%20SuperVision%2FDancing%20Block.pdf,461361,2bcdad8143aa407509e2d033f29ca65d,,,Dancing Block.pdf
docs/SuperVision/Manuals/Delta Hero.pdf,https://archive.org/download/mister-manuals/1992_Watara%20SuperVision.zip/1992_Watara%20SuperVision%2FDelta%20Hero.pdf,872832,5c1a886aacba84923b3007650d1ab9ea,,,Delta Hero.pdf
docs/SuperVision/Manuals/Dream World.pdf,https://archive.org/download/mister-manuals/1992_Watara%20SuperVision.zip/1992_Watara%20SuperVision%2FDream%20World.pdf,1306501,74860725a4ab0ec227db239525888ab8,,,Dream World.pdf
docs/SuperVision/Manuals/Eagle Plan.pdf,https://archive.org/download/mister-manuals/1992_Watara%20SuperVision.zip/1992_Watara%20SuperVision%2FEagle%20Plan.pdf,308378,09fa65052e1c849fd5d7bd3bb9c580a8,,,Eagle Plan.pdf
docs/SuperVision/Manuals/Earth Defender.pdf,https://archive.org/download/mister-manuals/1992_Watara%20SuperVision.zip/1992_Watara%20SuperVision%2FEarth%20Defender.pdf,392488,a79238fd059638fae1b0cebd63df3454,,,Earth Defender.pdf
docs/SuperVision/Manuals/Fatal Craft.pdf,https://archive.org/download/mister-manuals/1992_Watara%20SuperVision.zip/1992_Watara%20SuperVision%2FFatal%20Craft.pdf,442154,acd8f0b73b7492ca9b144eb95718dc5b,,,Fatal Craft.pdf
docs/SuperVision/Manuals/Final Combat.pdf,https://archive.org/download/mister-manuals/1992_Watara%20SuperVision.zip/1992_Watara%20SuperVision%2FFinal%20Combat.pdf,555500,a20eeaad6da9540f676064c157d94002,,,Final Combat.pdf
docs/SuperVision/Manuals/Galactic Crusader.pdf,https://archive.org/download/mister-manuals/1992_Watara%20SuperVision.zip/1992_Watara%20SuperVision%2FGalactic%20Crusader.pdf,585574,c6e3ae361987d07f5e151d124353a408,,,Galactic Crusader.pdf
docs/SuperVision/Manuals/Galaxy Fighter.pdf,https://archive.org/download/mister-manuals/1992_Watara%20SuperVision.zip/1992_Watara%20SuperVision%2FGalaxy%20Fighter.pdf,36313,db7539f1232e41963b6b2b8ec4ae5003,,,Galaxy Fighter.pdf
docs/SuperVision/Manuals/Grand Prix.pdf,https://archive.org/download/mister-manuals/1992_Watara%20SuperVision.zip/1992_Watara%20SuperVision%2FGrand%20Prix.pdf,579076,ed8f5a02967d3c23320dd61aeb8ede92,,,Grand Prix.pdf
docs/SuperVision/Manuals/Happy Pairs.pdf,https://archive.org/download/mister-manuals/1992_Watara%20SuperVision.zip/1992_Watara%20SuperVision%2FHappy%20Pairs.pdf,842816,f9a42352fef311cb4691d36ae23b999c,,,Happy Pairs.pdf
docs/SuperVision/Manuals/Happy Race.pdf,https://archive.org/download/mister-manuals/1992_Watara%20SuperVision.zip/1992_Watara%20SuperVision%2FHappy%20Race.pdf,795411,e6fdfee479b4715afc6e228fb6a4f09d,,,Happy Race.pdf
docs/SuperVision/Manuals/Hash Blocks.pdf,https://archive.org/download/mister-manuals/1992_Watara%20SuperVision.zip/1992_Watara%20SuperVision%2FHash%20Blocks.pdf,612313,9a03a41308248b78d4611b13834455fa,,,Hash Blocks.pdf
docs/SuperVision/Manuals/Hero Hawk.pdf,https://archive.org/download/mister-manuals/1992_Watara%20SuperVision.zip/1992_Watara%20SuperVision%2FHero%20Hawk.pdf,856414,0813de3855f40738a7b76e3eb279a882,,,Hero Hawk.pdf
docs/SuperVision/Manuals/Hero Kid.pdf,https://archive.org/download/mister-manuals/1992_Watara%20SuperVision.zip/1992_Watara%20SuperVision%2FHero%20Kid.pdf,694098,c8e20b7c622dc26a982da80765df9c27,,,Hero Kid.pdf
docs/SuperVision/Manuals/Honey Bee.pdf,https://archive.org/download/mister-manuals/1992_Watara%20SuperVision.zip/1992_Watara%20SuperVision%2FHoney%20Bee.pdf,750857,bfebde07911c9900c9157392f4314913,,,Honey Bee.pdf
docs/SuperVision/Manuals/Jacky Lucky.pdf,https://archive.org/download/mister-manuals/1992_Watara%20SuperVision.zip/1992_Watara%20SuperVision%2FJacky%20Lucky.pdf,564263,eb496efbaf86924a90e8eb3089d3191b,,,Jacky Lucky.pdf
docs/SuperVision/Manuals/Jaguar Bomber.pdf,https://archive.org/download/mister-manuals/1992_Watara%20SuperVision.zip/1992_Watara%20SuperVision%2FJaguar%20Bomber.pdf,642446,58df4b6996a94160128e149aac933d08,,,Jaguar Bomber.pdf
docs/SuperVision/Manuals/John Adventure.pdf,https://archive.org/download/mister-manuals/1992_Watara%20SuperVision.zip/1992_Watara%20SuperVision%2FJohn%20Adventure.pdf,766245,bacf5a2e0fbd40531657647a6c8e943f,,,John Adventure.pdf
docs/SuperVision/Manuals/Juggler.pdf,https://archive.org/download/mister-manuals/1992_Watara%20SuperVision.zip/1992_Watara%20SuperVision%2FJuggler.pdf,577350,00eb58fac4e7d1de717bd057c35f78a4,,,Juggler.pdf
docs/SuperVision/Manuals/Kabi Island - Gold in Island.pdf,https://archive.org/download/mister-manuals/1992_Watara%20SuperVision.zip/1992_Watara%20SuperVision%2FKabi%20Island%20-%20Gold%20in%20Island.pdf,526234,ab9526cfa628c13e6151f2f4ed0b7565,,,Kabi Island - Gold in Island.pdf
docs/SuperVision/Manuals/Kitchen War.pdf,https://archive.org/download/mister-manuals/1992_Watara%20SuperVision.zip/1992_Watara%20SuperVision%2FKitchen%20War.pdf,391232,5ee1d1fcd9c03db663b61fad79c8cf83,,,Kitchen War.pdf
docs/SuperVision/Manuals/Kung-Fu Street.pdf,https://archive.org/download/mister-manuals/1992_Watara%20SuperVision.zip/1992_Watara%20SuperVision%2FKung-Fu%20Street.pdf,448299,5ce8c2f80461d6921fe8d57457494fb8,,,Kung-Fu Street.pdf
docs/SuperVision/Manuals/Linear Racing.pdf,https://archive.org/download/mister-manuals/1992_Watara%20SuperVision.zip/1992_Watara%20SuperVision%2FLinear%20Racing.pdf,526185,5566747d99cc501432512c86f1fd84bb,,,Linear Racing.pdf
docs/SuperVision/Manuals/Magincross.pdf,https://archive.org/download/mister-manuals/1992_Watara%20SuperVision.zip/1992_Watara%20SuperVision%2FMagincross.pdf,613147,d05373a3b89abd89d55a219e7140a5d0,,,Magincross.pdf
docs/SuperVision/Manuals/Majong.pdf,https://archive.org/download/mister-manuals/1992_Watara%20SuperVision.zip/1992_Watara%20SuperVision%2FMajong.pdf,653311,a37416e11b80800e6c48f50abe5cea36,,,Majong.pdf
docs/SuperVision/Manuals/Matta Blatta.pdf,https://archive.org/download/mister-manuals/1992_Watara%20SuperVision.zip/1992_Watara%20SuperVision%2FMatta%20Blatta.pdf,611792,5f3ea7edf9983dff99db3ea2369eab19,,,Matta Blatta.pdf
docs/SuperVision/Manuals/Olympic Trials.pdf,https://archive.org/download/mister-manuals/1992_Watara%20SuperVision.zip/1992_Watara%20SuperVision%2FOlympic%20Trials.pdf,907258,b749c02ddd9005d09dab51f8ceb11df4,,,Olympic Trials.pdf
docs/SuperVision/Manuals/P-52 Sea Battle.pdf,https://archive.org/download/mister-manuals/1992_Watara%20SuperVision.zip/1992_Watara%20SuperVision%2FP-52%20Sea%20Battle.pdf,434613,832d5b956fc60a437581c4a2dbe52565,,,P-52 Sea Battle.pdf
docs/SuperVision/Manuals/PacBoy & Mouse.pdf,https://archive.org/download/mister-manuals/1992_Watara%20SuperVision.zip/1992_Watara%20SuperVision%2FPacBoy%20%26%20Mouse.pdf,773773,d769fb529b1a892c1eccbfc52e71c38c,,,PacBoy & Mouse.pdf
docs/SuperVision/Manuals/Pacific Battle.pdf,https://archive.org/download/mister-manuals/1992_Watara%20SuperVision.zip/1992_Watara%20SuperVision%2FPacific%20Battle.pdf,559398,b0c0751f9d88222349e8dd5d3f7a8a30,,,Pacific Battle.pdf
docs/SuperVision/Manuals/Penguin Hideout.pdf,https://archive.org/download/mister-manuals/1992_Watara%20SuperVision.zip/1992_Watara%20SuperVision%2FPenguin%20Hideout.pdf,679583,117562d04f16d994472b1ad561e6d4e4,,,Penguin Hideout.pdf
docs/SuperVision/Manuals/Police Bust.pdf,https://archive.org/download/mister-manuals/1992_Watara%20SuperVision.zip/1992_Watara%20SuperVision%2FPolice%20Bust.pdf,501415,80216744f75fbfa314b421862e744cd7,,,Police Bust.pdf
docs/SuperVision/Manuals/Popo Team.pdf,https://archive.org/download/mister-manuals/1992_Watara%20SuperVision.zip/1992_Watara%20SuperVision%2FPopo%20Team.pdf,731847,67945101cd1ad88a5bee42f79f8643f7,,,Popo Team.pdf
docs/SuperVision/Manuals/Pyramid.pdf,https://archive.org/download/mister-manuals/1992_Watara%20SuperVision.zip/1992_Watara%20SuperVision%2FPyramid.pdf,879006,49490ffc9cc0fe9f99b00be6632c7eb1,,,Pyramid.pdf
docs/SuperVision/Manuals/Recycle Design.pdf,https://archive.org/download/mister-manuals/1992_Watara%20SuperVision.zip/1992_Watara%20SuperVision%2FRecycle%20Design.pdf,570627,c461d5cb866212a529ab8d872e7e6600,,,Recycle Design.pdf
docs/SuperVision/Manuals/Scaffolder.pdf,https://archive.org/download/mister-manuals/1992_Watara%20SuperVision.zip/1992_Watara%20SuperVision%2FScaffolder.pdf,1218575,68a8430f03a30ece49ea2f60e99d2abd,,,Scaffolder.pdf
docs/SuperVision/Manuals/Soccer Champion.pdf,https://archive.org/download/mister-manuals/1992_Watara%20SuperVision.zip/1992_Watara%20SuperVision%2FSoccer%20Champion.pdf,776261,f6baed252a362b81afee45a406bc1918,,,Soccer Champion.pdf
docs/SuperVision/Manuals/Sonny Xpress.pdf,https://archive.org/download/mister-manuals/1992_Watara%20SuperVision.zip/1992_Watara%20SuperVision%2FSonny%20Xpress.pdf,1812453,c738b64f232ad3f71d09ca1dff673c15,,,Sonny Xpress.pdf
docs/SuperVision/Manuals/Space Fighter.pdf,https://archive.org/download/mister-manuals/1992_Watara%20SuperVision.zip/1992_Watara%20SuperVision%2FSpace%20Fighter.pdf,584569,0a13eab37f41f47043dab122131a2ac4,,,Space Fighter.pdf
docs/SuperVision/Manuals/Sssnake.pdf,https://archive.org/download/mister-manuals/1992_Watara%20SuperVision.zip/1992_Watara%20SuperVision%2FSssnake.pdf,425925,843286b4b9ef6deec23e66e31a287642,,,Sssnake.pdf
docs/SuperVision/Manuals/Super Block.pdf,https://archive.org/download/mister-manuals/1992_Watara%20SuperVision.zip/1992_Watara%20SuperVision%2FSuper%20Block.pdf,873302,cadf12b6c8a7e646ac0382fdf477d906,,,Super Block.pdf
docs/SuperVision/Manuals/Super Kong.pdf,https://archive.org/download/mister-manuals/1992_Watara%20SuperVision.zip/1992_Watara%20SuperVision%2FSuper%20Kong.pdf,718599,3ed1cb0d5b9fa05f1799149b790530e4,,,Super Kong.pdf
docs/SuperVision/Manuals/Super Pang.pdf,https://archive.org/download/mister-manuals/1992_Watara%20SuperVision.zip/1992_Watara%20SuperVision%2FSuper%20Pang.pdf,578634,e098bea916ba0c05ac3de9b30359bbf0,,,Super Pang.pdf
docs/SuperVision/Manuals/Tasac 2010.pdf,https://archive.org/download/mister-manuals/1992_Watara%20SuperVision.zip/1992_Watara%20SuperVision%2FTasac%202010.pdf,815215,75a7319b967be96ee1a4c9c702a2ddd9,,,Tasac 2010.pdf
docs/SuperVision/Manuals/Tennis Pro '92.pdf,https://archive.org/download/mister-manuals/1992_Watara%20SuperVision.zip/1992_Watara%20SuperVision%2FTennis%20Pro%20%2792.pdf,455851,091758b91e5e9911a5e7a69cffc3ade0,,,Tennis Pro '92.pdf
docs/SuperVision/Manuals/Thunder Shooting.pdf,https://archive.org/download/mister-manuals/1992_Watara%20SuperVision.zip/1992_Watara%20SuperVision%2FThunder%20Shooting.pdf,716874,9aed724345302c5f818c6589db928579,,,Thunder Shooting.pdf
docs/SuperVision/Manuals/Treasure Hunter.pdf,https://archive.org/download/mister-manuals/1992_Watara%20SuperVision.zip/1992_Watara%20SuperVision%2FTreasure%20Hunter.pdf,820533,efff0a89855c75bb73fcbea7ea5190e3,,,Treasure Hunter.pdf
docs/SuperVision/Manuals/Untouchable.pdf,https://archive.org/download/mister-manuals/1992_Watara%20SuperVision.zip/1992_Watara%20SuperVision%2FUntouchable.pdf,607746,f6bacd2ce2f2a1321f9ce2755565de17,,,Untouchable.pdf
docs/SuperVision/Manuals/Witty Cat.pdf,https://archive.org/download/mister-manuals/1992_Watara%20SuperVision.zip/1992_Watara%20SuperVision%2FWitty%20Cat.pdf,668315,9e5f92cc9b9c29b3d06cad1c307dd982,,,Witty Cat.pdf
